{
    "$schema": "https://schema.management.azure.com/schemas/2019-04-01/deploymentTemplate.json#",
    "contentVersion": "1.0.0.0",
    "parameters": {
        "vaults_ps_sleutelbos_name": {
            "defaultValue": "ps-sleutelbos",
            "type": "String"
        },
        "configurationStores_ps_configapp_name": {
            "defaultValue": "ps-configapp",
            "type": "String"
        }
    },
    "variables": {},
    "resources": [
        {
            "type": "Microsoft.AppConfiguration/configurationStores",
            "apiVersion": "2021-03-01-preview",
            "name": "[parameters('configurationStores_ps_configapp_name')]",
            "location": "westeurope",
            "sku": {
                "name": "free"
            },
            "identity": {
                "type": "None"
            },
            "properties": {
                "encryption": {},
                "disableLocalAuth": false
            }
        },
        {
            "type": "Microsoft.KeyVault/vaults",
            "apiVersion": "2021-06-01-preview",
            "name": "[parameters('vaults_ps_sleutelbos_name')]",
            "location": "westeurope",
            "properties": {
                "sku": {
                    "family": "A",
                    "name": "Standard"
                },
                "tenantId": "030b09d5-7f0f-40b0-8c01-03ac319b2d71",
                "accessPolicies": [
                    {
                        "tenantId": "030b09d5-7f0f-40b0-8c01-03ac319b2d71",
                        "objectId": "3fe87222-b767-41ca-8203-857019de5a5a",
                        "permissions": {
                            "keys": [],
                            "secrets": [
                                "Get",
                                "List"
                            ],
                            "certificates": []
                        }
                    },
                    {
                        "tenantId": "030b09d5-7f0f-40b0-8c01-03ac319b2d71",
                        "objectId": "59048d9e-0599-4b0e-b084-bdb8095a8ca2",
                        "permissions": {
                            "keys": [
                                "Get",
                                "List",
                                "Update",
                                "Create",
                                "Import",
                                "Delete",
                                "Recover",
                                "Backup",
                                "Restore"
                            ],
                            "secrets": [
                                "Get",
                                "List",
                                "Set",
                                "Delete",
                                "Recover",
                                "Backup",
                                "Restore"
                            ],
                            "certificates": [
                                "Get",
                                "List",
                                "Update",
                                "Create",
                                "Import",
                                "Delete",
                                "Recover",
                                "Backup",
                                "Restore",
                                "ManageContacts",
                                "ManageIssuers",
                                "GetIssuers",
                                "ListIssuers",
                                "SetIssuers",
                                "DeleteIssuers"
                            ]
                        }
                    }
                ],
                "enabledForDeployment": false,
                "enabledForDiskEncryption": false,
                "enabledForTemplateDeployment": false,
                "enableSoftDelete": true,
                "softDeleteRetentionInDays": 90,
                "enableRbacAuthorization": false,
                "vaultUri": "[concat('https://', parameters('vaults_ps_sleutelbos_name'), '.vault.azure.net/')]",
                "provisioningState": "Succeeded",
                "publicNetworkAccess": "Enabled"
            }
        },
        {
            "type": "Microsoft.KeyVault/vaults/secrets",
            "apiVersion": "2021-06-01-preview",
            "name": "[concat(parameters('vaults_ps_sleutelbos_name'), '/hello')]",
            "location": "westeurope",
            "dependsOn": [
                "[resourceId('Microsoft.KeyVault/vaults', parameters('vaults_ps_sleutelbos_name'))]"
            ],
            "properties": {
                "contentType": "Tekst",
                "attributes": {
                    "enabled": true
                }
            }
        }
    ]
}